detector,delay_ms,delay_samples,F_plus,F_cross,psd_scale,optimal_snr
H1,0.0,0,0.7,0.2,1.0,10.666321803146882
L1,7.1,11,-0.62,0.25,1.1,9.92717667542265
V1,-14.3,-23,0.28,-0.36,2.4,3.5610030113238964
