lambda_mem,mean_snr,std_snr
0.0,0.0009480514049436459,0.018751447101649388
0.02,11.96674067852844,0.015592318092781712
0.05,11.976896567481408,0.015588098130362318
0.1,11.989668568595857,0.015579911940427987
0.2,11.999817567785785,0.015577158235880762
